{"cameraMode":{"drawMode":0,"name":"Shaded","section":"Shading Mode"},"sceneLighting":true,"audioPlay":false,"sceneViewState":{"m_AlwaysRefresh":false,"showFog":true,"showSkybox":true,"showFlares":true,"showImageEffects":true,"showParticleSystems":true,"showVisualEffectGraphs":true,"m_FxEnabled":true},"in2DMode":false,"pivot":{"x":-0.5991339683532715,"y":-0.7353122234344482,"z":1.1864657402038575},"rotation":{"x":0.18893635272979737,"y":-0.21771807968616486,"z":0.04300389811396599,"w":0.956596851348877},"size":4.223933696746826,"orthographic":true}