{"cameraMode":{"drawMode":0,"name":"Shaded","section":"Shading Mode"},"sceneLighting":true,"audioPlay":false,"sceneViewState":{"m_AlwaysRefresh":false,"showFog":true,"showSkybox":true,"showFlares":true,"showImageEffects":true,"showParticleSystems":true,"showVisualEffectGraphs":true,"m_FxEnabled":true},"in2DMode":false,"pivot":{"x":10.309219360351563,"y":-5.424861431121826,"z":2.0863993167877199},"rotation":{"x":-0.3863917887210846,"y":0.34469181299209597,"z":-0.15842115879058839,"w":-0.8407112956047058},"size":4.1491241455078129,"orthographic":false}